Data,Kraków - Aleja Krasińskiego (pył zawieszony PM10 [jednostka ug/m3]),Zakopane - ul. Sienkiewicza (pył zawieszony PM10 [jednostka ug/m3]),Zakopane - ul. Sienkiewicza (pył zawieszony PM2.5 [jednostka ug/m3]),Katowice - ul. Kossutha (pył zawieszony PM10 [jednostka ug/m3])
2022-01-01,18.63,20.31,19.13,18.53,
2022-01-02,46.02,32.70,33.47,19.09,
2022-01-03,25.52,7.60,9.18,9.39,
2022-01-04,19.88,6.43,7.17,7.22,
2022-01-05,25.15,5.25,6.70,16.04,
2022-01-06,12.14,7.65,8.46,10.93,
2022-01-07,94.98,44.39,49.35,34.30,
2022-01-08,111.29,69.84,75.07,38.93,
2022-01-09,88.67,74.85,79.99,50.77,
2022-01-10,59.06,25.65,29.50,56.49,
2022-01-11,61.62,17.94,18.93,49.78,
2022-01-12,59.45,43.93,48.85,42.92,
2022-01-13,40.40,15.54,15.99,46.35,
2022-01-14,27.44,8.82,9.63,25.65,
2022-01-15,46.33,27.41,32.48,34.32,
2022-01-16,94.79,43.95,47.77,49.64,
2022-01-17,16.55,8.27,9.89,17.67,
2022-01-18,23.08,18.80,23.26,25.04,
2022-01-19,68.07,49.45,55.92,32.60,
2022-01-20,17.25,19.89,21.06,17.32,
2022-01-21,16.21,12.51,13.06,14.64,
2022-01-22,20.57,12.66,15.13,20.70,
2022-01-23,33.89,17.60,19.02,55.23,
2022-01-24,97.99,40.67,43.02,67.93,
2022-01-25,52.57,15.03,15.28,46.22,
2022-01-26,38.85,14.85,15.68,25.13,
2022-01-27,30.97,13.55,13.97,22.32,
2022-01-28,10.43,6.23,7.80,12.57,
2022-01-29,19.61,13.41,13.43,15.23,
2022-01-30,11.13,8.43,8.61,8.56,
2022-01-31,46.03,23.41,26.33,36.54,
2022-02-01,45.30,24.54,26.48,28.06,
2022-02-02,12.78,6.72,7.95,12.20,
2022-02-03,28.70,28.91,31.70,19.70,
2022-02-04,52.04,79.93,82.83,22.45,
2022-02-05,24.87,13.04,13.49,14.92,
2022-02-06,12.35,4.63,5.36,6.77,
2022-02-07,14.26,6.23,7.20,9.42,
2022-02-08,31.13,8.72,10.14,14.20,
2022-02-09,22.56,12.60,12.90,17.09,
2022-02-10,68.83,22.91,24.22,16.82,
2022-02-11,41.27,11.29,11.95,22.25,
2022-02-12,52.01,32.57,35.01,26.56,
2022-02-13,85.53,45.30,49.02,31.50,
2022-02-14,99.84,23.64,28.09,47.71,
2022-02-15,92.61,42.70,43.85,60.06,
2022-02-16,79.09,33.66,34.84,23.00,
2022-02-17,14.58,4.92,5.83,4.76,
2022-02-18,32.96,11.82,13.16,7.85,
2022-02-19,22.20,7.05,10.31,8.51,
2022-02-20,21.79,8.69,12.85,7.48,
2022-02-21,22.46,5.15,7.85,6.04,
2022-02-22,35.42,8.78,12.24,9.91,
2022-02-23,37.15,10.55,15.13,17.06,
2022-02-24,85.29,34.34,44.48,27.33,
2022-02-25,54.37,30.22,32.27,15.92,
2022-02-26,60.26,21.88,23.95,45.29,
2022-02-27,40.66,18.54,21.77,35.51,
2022-02-28,40.61,12.48,14.39,34.20,
2022-03-01,71.05,14.24,17.16,46.07,
2022-03-02,97.87,27.47,32.32,59.28,
2022-03-03,109.50,41.97,47.05,82.29,
2022-03-04,45.56,41.29,41.18,35.67,
2022-03-05,35.54,30.56,29.21,38.11,
2022-03-06,27.93,16.21,15.77,37.35,
2022-03-07,53.65,32.50,31.77,42.71,
2022-03-08,48.58,22.44,23.73,45.93,
2022-03-09,74.69,31.53,30.92,58.77,
2022-03-10,51.66,16.59,17.05,22.95,
2022-03-11,50.58,32.24,37.87,30.42,
2022-03-12,68.09,36.38,46.55,38.62,
2022-03-13,77.47,35.74,43.70,64.48,
2022-03-14,94.62,31.73,39.07,44.88,
2022-03-15,94.25,30.69,38.67,48.02,
2022-03-16,-,38.00,40.14,60.30,
2022-03-17,77.20,40.04,42.79,62.53,
2022-03-18,60.75,48.25,54.64,57.47,
2022-03-19,65.93,34.06,44.18,53.64,
2022-03-20,61.36,32.97,47.24,44.14,
2022-03-21,81.42,25.90,40.10,56.89,
2022-03-22,92.04,24.41,43.91,66.78,
2022-03-23,92.80,20.67,42.97,77.22,
2022-03-24,83.85,30.18,50.50,64.23,
2022-03-25,87.68,24.66,42.75,73.19,
2022-03-26,77.36,21.82,36.12,61.88,
2022-03-27,26.96,13.46,21.68,18.98,
2022-03-28,52.45,12.70,25.91,36.21,
2022-03-29,58.65,24.79,43.74,35.08,
2022-03-30,47.81,24.63,24.03,42.96,
2022-03-31,16.68,22.19,18.97,25.78,
2022-04-01,14.89,8.34,8.55,18.99,
2022-04-02,21.71,16.43,14.12,37.20,
2022-04-03,27.07,19.60,21.67,20.45,
2022-04-04,30.77,17.89,18.79,21.14,
2022-04-05,25.44,8.49,10.93,21.56,
2022-04-06,34.88,9.05,12.44,13.54,
2022-04-07,28.41,12.19,20.72,9.28,
2022-04-08,18.51,9.27,15.07,6.33,
2022-04-09,32.53,13.62,13.11,17.33,
2022-04-10,31.71,13.95,12.94,19.71,
2022-04-11,34.65,13.83,14.74,19.00,
2022-04-12,45.39,17.32,24.69,39.15,
2022-04-13,89.79,18.89,38.76,37.22,
2022-04-14,54.55,17.43,33.88,37.02,
2022-04-15,37.20,18.23,34.38,24.32,
2022-04-16,13.18,8.09,9.97,12.49,
2022-04-17,15.10,9.16,12.41,15.82,
2022-04-18,24.97,15.14,16.85,28.88,
2022-04-19,27.30,19.67,32.12,31.75,
2022-04-20,47.23,18.20,23.81,47.76,
2022-04-21,49.28,21.33,32.65,41.46,
2022-04-22,51.80,16.25,-,34.53,
2022-04-23,32.34,11.48,-,29.45,
2022-04-24,35.91,10.49,-,31.81,
2022-04-25,21.95,9.64,-,27.27,
2022-04-26,44.21,10.73,-,34.22,
2022-04-27,41.30,19.31,-,33.01,
2022-04-28,42.57,19.91,25.28,28.58,
2022-04-29,42.11,21.40,31.31,31.15,
2022-04-30,40.34,20.11,32.22,33.74,
2022-05-01,42.40,19.14,28.62,35.67,
2022-05-02,43.17,17.61,27.65,39.08,
2022-05-03,41.71,14.17,19.01,39.83,
2022-05-04,34.89,17.43,25.40,34.83,
2022-05-05,32.58,11.97,16.34,26.52,
2022-05-06,37.91,14.30,18.18,36.59,
2022-05-07,36.60,14.43,19.04,32.10,
2022-05-08,30.82,9.76,13.60,25.58,
2022-05-09,32.30,10.13,17.50,22.73,
2022-05-10,33.40,10.05,17.93,27.80,
2022-05-11,42.21,12.90,21.29,32.76,
2022-05-12,43.97,21.40,29.53,44.10,
2022-05-13,-,16.98,20.24,39.90,
2022-05-14,-,21.73,25.11,33.45,
2022-05-15,-,19.23,20.97,24.67,
2022-05-16,-,16.30,15.37,27.37,
2022-05-17,-,15.23,16.13,24.69,
2022-05-18,-,11.79,12.85,30.15,
2022-05-19,-,14.99,16.82,32.80,
2022-05-20,-,27.69,32.70,25.89,
2022-05-21,-,47.58,22.41,27.44,
2022-05-22,-,20.47,21.10,11.32,
2022-05-23,-,16.52,20.21,17.64,
2022-05-24,-,18.76,25.30,21.64,
2022-05-25,-,8.63,13.48,24.76,
2022-05-26,-,8.69,13.19,17.34,
2022-05-27,-,7.47,11.82,12.02,
2022-05-28,-,8.38,10.95,12.14,
2022-05-29,-,7.65,10.79,12.83,
2022-05-30,-,7.98,9.33,13.79,
2022-05-31,-,11.38,14.28,19.20,
2022-06-01,-,10.26,14.89,16.88,
2022-06-02,-,12.09,16.60,14.52,
2022-06-03,-,16.03,21.36,19.31,
2022-06-04,-,14.12,17.62,25.85,
2022-06-05,-,12.73,15.93,27.83,
2022-06-06,-,14.97,21.20,21.73,
2022-06-07,-,15.39,20.27,18.82,
2022-06-08,-,11.26,16.02,22.76,
2022-06-09,-,9.22,11.68,22.68,
2022-06-10,-,11.26,13.66,25.90,
2022-06-11,-,10.95,16.80,16.05,
2022-06-12,-,8.18,11.41,20.47,
2022-06-13,-,9.76,14.83,25.07,
2022-06-14,-,6.94,12.71,16.73,
2022-06-15,-,8.58,14.42,17.24,
2022-06-16,-,8.85,12.42,19.64,
2022-06-17,-,9.69,15.17,21.28,
2022-06-18,-,8.85,11.29,15.21,
2022-06-19,-,9.84,19.34,18.28,
2022-06-20,-,12.17,21.04,21.14,
2022-06-21,-,6.52,9.56,16.61,
2022-06-22,-,7.43,12.24,18.00,
2022-06-23,-,10.84,18.21,22.31,
2022-06-24,-, ,20.52,21.47,
2022-06-25,-, ,15.65,22.32,
2022-06-26,-, ,15.68,21.98,
2022-06-27,-, ,23.49,25.45,
2022-06-28,-,13.11,20.63,28.13,
2022-06-29,-,14.23,22.03,33.92,
2022-06-30,-,12.99,27.50,33.86,
2022-07-01,-,20.27,33.68,30.28,
2022-07-02,-,9.18,12.18,15.25,
2022-07-03,-,11.40,14.00,19.21,
2022-07-04,-,12.30,15.44,18.43,
2022-07-05,-,11.88,17.87,21.71,
2022-07-06,-,9.14,11.48,21.33,
2022-07-07,-,10.69,12.47,18.98,
2022-07-08,-,10.97,12.94,13.96,
2022-07-09,-,9.13,12.94,13.32,
2022-07-10,-,7.60,9.01,9.59,
2022-07-11,-,7.89,10.38,8.46,
2022-07-12,-,7.98,10.14,10.41,
2022-07-13,-,6.50,12.88,11.58,
2022-07-14,-,11.77,20.44,18.89,
2022-07-15,-,9.93,14.46,16.40,
2022-07-16,-,7.54,12.96,12.69,
2022-07-17,-,5.26,7.84,10.47,
2022-07-18,-,6.01,10.42,13.56,
2022-07-19,-,9.25,19.47,19.04,
2022-07-20,-,10.86,21.94,25.90,
2022-07-21,-,13.50,23.82,28.98,
2022-07-22,-,16.28,32.26,26.63,
2022-07-23,-,14.43,22.73,27.98,
2022-07-24,-,10.80,16.98,16.48,
2022-07-25,-,9.34,15.14,14.03,
2022-07-26,-,12.95,20.12,21.86,
2022-07-27,-,12.00,21.89,23.04,
2022-07-28,-,10.93,17.73,21.03,
2022-07-29,-,14.17,20.31,25.57,
2022-07-30,-,8.40,10.97,20.19,
2022-07-31,-,4.75,5.82,10.17,
2022-08-01,-,10.51,17.16,18.14,
2022-08-02,-,12.04,20.00,27.43,
2022-08-03,-,15.88,21.44,34.61,
2022-08-04,-,14.90,20.81,30.32,
2022-08-05,-,14.50,22.44,28.19,
2022-08-06,-,11.68,16.43,19.01,
2022-08-07,-,9.91,13.58,16.30,
2022-08-08,-,9.49,13.61,15.42,
2022-08-09,-,11.04,17.22,21.70,
2022-08-10,-,11.73,17.06,18.59,
2022-08-11,-,9.62,13.19,20.24,
2022-08-12,-,12.31,15.17,21.39,
2022-08-13,-,13.28,13.80,20.38,
2022-08-14,-,11.46,12.22,16.88,
2022-08-15,-,14.12,17.43,21.12,
2022-08-16,-,15.63,19.94,20.58,
2022-08-17,-,22.17,-,31.17,
2022-08-18,-,24.26,31.72,35.42,
2022-08-19,-,13.30,31.64,28.46,
2022-08-20,-,16.25,23.73,25.46,
2022-08-21,-,14.28,20.00,14.07,
2022-08-22,-,7.70,9.88,21.66,
2022-08-23,-,10.22,11.72,23.97,
2022-08-24,-,19.96,44.80,33.03,
2022-08-25,69.32,19.76,47.28,45.70,
2022-08-26,50.75,18.01,31.53,40.65,
2022-08-27,39.42,15.74,25.62,25.79,
2022-08-28,17.38,12.39,15.46,23.29,
2022-08-29,30.39,12.13,15.12,18.48,
2022-08-30,27.47,10.93,14.50,16.78,
2022-08-31,44.74,10.73,14.03,12.72,
2022-09-01,43.11,9.54,14.31,11.49,
2022-09-02,55.91,10.20,14.17,16.66,
2022-09-03,32.32,13.48,15.60,16.11,
2022-09-04,29.92,13.66,13.65,18.10,
2022-09-05,38.51,13.57,13.78,24.89,
2022-09-06,28.32,14.66,17.51,21.12,
2022-09-07,37.08,11.99,15.57,23.13,
2022-09-08,55.23,17.10,20.19,28.45,
2022-09-09,32.99,8.98,10.54,15.49,
2022-09-10,24.09,8.45,10.94,13.06,
2022-09-11,16.21,8.20,8.58,13.92,
2022-09-12,31.14,10.11,11.75,15.60,
2022-09-13,26.84,9.33,13.50,18.99,
2022-09-14,31.41,12.13,14.34,16.18,
2022-09-15,29.20,7.63,8.49,18.20,
2022-09-16,33.35,9.82,11.82,17.34,
2022-09-17,26.37,6.59,7.81,14.18,
2022-09-18,15.02,4.46,7.44,10.74,
2022-09-19,21.26,5.39,7.88,11.74,
2022-09-20,24.89,7.19,8.03,16.23,
2022-09-21,26.42,8.03,7.81,20.52,
2022-09-22,41.31,10.46,11.74,22.86,
2022-09-23,33.04,13.72,17.70,30.64,
2022-09-24,39.64,20.11,23.25,33.25,
2022-09-25,45.67,19.53,22.89,37.02,
2022-09-26,51.36,16.54,16.35,34.00,
2022-09-27,35.88,10.42,12.32,24.62,
2022-09-28,27.00,2.79,5.34,14.74,
2022-09-29,29.26,9.44,9.61,19.42,
2022-09-30,39.58,17.61,19.33,29.05,
2022-10-01,42.90,15.54,16.01,26.96,
2022-10-02,15.67,6.94,5.92,10.69,
2022-10-03,16.17,5.03,4.95,10.49,
2022-10-04,27.91,9.11,9.05,15.82,
2022-10-05,46.94,16.17,21.62,21.24,
2022-10-06,42.40,13.10,19.06,21.09,
2022-10-07,47.15,19.20,28.77,33.64,
2022-10-08,45.05,18.07,28.18,39.25,
2022-10-09,23.68,10.36,14.42,20.88,
2022-10-10,47.05,14.92,20.57,27.01,
2022-10-11,51.02,22.31,28.84,24.69,
2022-10-12,52.70,18.98,27.89,47.41,
2022-10-13,74.13,19.74,28.11,46.86,
2022-10-14,79.21,21.57,27.73,48.20,
2022-10-15,52.76,17.92,21.09,36.47,
2022-10-16,44.09,18.93,24.56,28.47,
2022-10-17,61.70,16.10,24.06,33.40,
2022-10-18,47.15,12.31,18.32,24.87,
2022-10-19,21.09,10.35,13.08,16.99,
2022-10-20,28.06,14.48,17.34,23.34,
2022-10-21,69.64,26.17,34.41,32.38,
2022-10-22,67.25,23.41,27.50,30.54,
2022-10-23,36.45,11.46,15.59,30.09,
2022-10-24,46.53,16.98,27.92,24.39,
2022-10-25,32.85,9.76,13.06,25.24,
2022-10-26,45.83,5.25,16.31,29.17,
2022-10-27,58.62,8.20,17.24,41.31,
2022-10-28,61.27,10.05,22.86,29.52,
2022-10-29,44.41,11.77,29.18,22.51,
2022-10-30,53.55,8.83,21.83,32.54,
2022-10-31,65.33,14.04,26.46,36.96,
2022-11-01,42.93,10.35,26.92,31.35,
2022-11-02,39.85,8.54,17.28,29.54,
2022-11-03,56.60,13.86,24.97,31.31,
2022-11-04,61.56,14.04,20.92,34.40,
2022-11-05,34.62,10.84,12.75,18.62,
2022-11-06,35.89,6.19,7.98,27.30,
2022-11-07,41.30,10.46,14.72,22.25,
2022-11-08,66.71,19.76,31.19,24.75,
2022-11-09,86.09,21.49,32.04,30.43,
2022-11-10,70.18,11.31,29.53,34.17,
2022-11-11,54.65,19.11,18.19,34.48,
2022-11-12,51.53,27.91,30.55,37.12,
2022-11-13,57.33,26.32,41.18,39.69,
2022-11-14,44.37,32.37,30.95,33.49,
2022-11-15,61.86,23.81,33.63,52.26,
2022-11-16,49.94,23.48,23.04,41.84,
2022-11-17,17.86,13.11,11.30,13.07,
2022-11-18,37.71,21.00,18.85,26.78,
2022-11-19,40.84,16.81,27.69,41.62,
2022-11-20,95.89,18.76,46.75,66.83,
2022-11-21,94.93,26.41,40.84,40.42,
2022-11-22,62.02,35.32,35.66,53.16,
2022-11-23,47.25,43.30,44.90,39.22,
2022-11-24,42.08,35.68,32.06,44.30,
2022-11-25,80.69,19.73,17.73,62.85,
2022-11-26,58.89,18.05,16.65,42.59,
2022-11-27,34.86,22.88,20.11,35.58,
2022-11-28,53.73,37.27,39.90,42.84,
2022-11-29,54.03,37.41,40.57,54.22,
2022-11-30,47.06,65.08,75.43,38.07,
2022-12-01,42.20,49.29,54.87,26.65,
2022-12-02,42.18,47.98,53.89,29.69,
2022-12-03,72.65,82.26,91.36,52.17,
2022-12-04,32.89,36.94,38.80,44.60,
2022-12-05,47.39,51.26,56.02,56.34,
2022-12-06,43.24,24.37,24.50,45.90,
2022-12-07,23.31,9.89,8.60,24.08,
2022-12-08,41.70,21.18,23.10,28.17,
2022-12-09,65.90,46.63,47.31,39.68,
2022-12-10,32.68,36.32,35.97,31.40,
2022-12-11,35.10,14.88,14.11,33.71,
2022-12-12,41.06,19.69,20.70,34.40,
2022-12-13,31.19,34.63,32.60,31.07,
2022-12-14,72.86,49.38,44.61,57.71,
2022-12-15,83.44,58.34,50.67,71.60,
2022-12-16,57.69,61.26,56.56,55.32,
2022-12-17,72.96,38.69,31.71,61.09,
2022-12-18,51.68,75.41,67.58,54.72,
2022-12-19,87.95,67.16,63.04,55.01,
2022-12-20,105.30,114.95,106.78,34.72,
2022-12-21,97.24,88.91,85.51,35.01,
2022-12-22,71.72,41.35,40.00,24.77,
2022-12-23,33.76,27.85,30.57,20.48,
2022-12-24,28.31,13.75,13.69,22.34,
2022-12-25,38.89,24.66,24.53,31.73,
2022-12-26,41.31,13.92,-,26.78,
2022-12-27,24.57,6.01,-,14.19,
2022-12-28,48.74,44.44,43.68,17.71,
2022-12-29,75.52,57.58,56.08,21.52,
2022-12-30,67.62,63.95,62.87,39.28,
2022-12-31,49.76,30.07,34.79,20.84,
2023-01-01,57.35,35.46,33.11,20.35,
2023-01-02,70.59,31.84,27.87,27.74,
2023-01-03,42.59,17.93,18.14,29.54,
2023-01-04,45.70,20.15,16.70,31.01,
2023-01-05,5.69,7.43,5.34,8.40,
2023-01-06,17.81,9.66,7.56,16.40,
2023-01-07,29.99,22.35,22.79,34.99,
2023-01-08,45.95,23.07,23.93,41.80,
2023-01-09,44.91,16.86,15.05,40.44,
2023-01-10,20.18,14.14,12.31,29.57,
2023-01-11,42.20,25.42,22.93,36.99,
2023-01-12,48.18,32.90,36.36,14.48,
2023-01-13,28.33,49.36,52.19,12.71,
2023-01-14,27.93,28.85,31.02,17.24,
2023-01-15,22.02,20.22,21.49,9.77,
2023-01-16,22.35,27.75,25.05,24.09,
2023-01-17,33.64,21.18,20.00,31.77,
2023-01-18,19.58,32.18,32.55,29.88,
2023-01-19,45.64,19.13,22.37,51.42,
2023-01-20,38.55,17.00,19.45,40.69,
2023-01-21,29.24,15.30,15.34,34.94,
2023-01-22,28.27,26.73,24.01,37.05,
2023-01-23,29.09,36.60,36.07,34.05,
2023-01-24,18.93,17.13,8.91,26.34,
2023-01-25,16.31,24.98,22.93,22.57,
2023-01-26,42.54,24.33,26.05,35.96,
2023-01-27,41.97,24.28,22.15,44.83,
2023-01-28,31.96,20.28,19.02,29.46,
2023-01-29,29.34,33.54,32.62,25.09,
2023-01-30,29.98,14.10,13.46,26.24,
2023-01-31,16.94,11.84,8.60,14.80,
2023-02-01,12.72,11.92,10.97,14.73,
2023-02-02,9.84,15.23,12.91,12.79,
2023-02-03,17.36,10.40,10.71,14.19,
2023-02-04,13.65,7.83,9.45,14.38,
2023-02-05,20.81,16.99,18.09,21.51,
2023-02-06,58.76,27.21,26.81,44.73,
2023-02-07,121.34,35.78,36.63,98.23,
2023-02-08,66.41,33.88,33.92,46.07,
2023-02-09,99.64,48.49,48.20,56.44,
2023-02-10,90.21,36.74,35.66,43.73,
2023-02-11,55.59,20.06,19.13,45.81,
2023-02-12,31.14,17.23,15.76,30.96,
2023-02-13,38.84,14.88,14.92,45.12,
2023-02-14,34.27,15.62,15.46,31.67,
2023-02-15,42.96,40.26,34.92,35.70,
2023-02-16,62.60,26.37,25.54,41.81,
2023-02-17,44.75,13.33,10.93,33.25,
2023-02-18,9.16,5.07,5.15,10.86,
2023-02-19,9.26,6.51,4.23,14.49,
2023-02-20,20.67,9.32,6.41,16.47,
2023-02-21,11.32,6.95,6.72,13.26,
2023-02-22,36.87,17.32,13.99,53.68,
2023-02-23,50.98,35.35,32.77,41.27,
2023-02-24,37.28,32.60,30.22,31.34,
2023-02-25,10.01,6.41,5.46,18.15,
2023-02-26,12.38,9.08,8.01,18.23,
2023-02-27,23.45,10.18,10.16,20.43,
2023-02-28,48.00,24.04,22.91,43.71,
2023-03-01,76.20,40.44,38.62,79.77,
2023-03-02,90.19,28.89,26.85,82.12,
2023-03-03,83.71,40.91,39.45,56.60,
2023-03-04,43.76,18.93,10.95,32.16,
2023-03-05,27.73,10.77,10.64,20.22,
2023-03-06,48.28,12.42,9.05,24.50,
2023-03-07,49.13,23.75,17.91,29.05,
2023-03-08,29.66,15.48,10.27,26.27,
2023-03-09,23.57,4.71,4.57,25.85,
2023-03-10,33.78,10.45,7.18,14.92,
2023-03-11,10.19,9.62,7.89,13.19,
2023-03-12,25.35,15.61,11.79,17.50,
2023-03-13,36.76,11.06,8.09,13.53,
2023-03-14,32.35,16.11,11.57,12.80,
2023-03-15,27.73,12.08,8.74,22.54,
2023-03-16,46.66,20.83,15.65,35.21,
2023-03-17,62.35,35.44,24.08,48.08,
2023-03-18,51.96,49.89,26.76,35.13,
2023-03-19,66.78,41.47,17.14,33.00,
2023-03-20,74.71,32.14,21.89,41.96,
2023-03-21,42.59,17.27,16.68,36.09,
2023-03-22,76.69,22.11,9.91,36.96,
2023-03-23,68.59,28.58,12.26,24.08,
2023-03-24,40.32,21.64,10.56,21.08,
2023-03-25,21.23,9.52,8.69,12.93,
2023-03-26,13.14,12.41,8.54,9.12,
2023-03-27,17.89,10.49,7.49,22.12,
2023-03-28,21.04,12.77,8.76,22.12,
2023-03-29,35.20,13.03,11.51,28.53,
2023-03-30,42.24,28.22,26.43,18.85,
2023-03-31,27.66,11.21,7.14,17.26,
2023-04-01,16.26,10.91,7.76,15.42,
2023-04-02,11.12,7.71,6.41,18.87,
2023-04-03,17.07,7.86,8.14,12.23,
2023-04-04,19.97,13.72,8.56,20.67,
2023-04-05,32.70,16.11,13.73,46.78,
2023-04-06,29.80,21.10,19.62,41.17,
2023-04-07,30.05,22.06,22.81,32.04,
2023-04-08,36.60,17.59,15.94,29.10,
2023-04-09,47.94,19.57,17.96,41.70,
2023-04-10,52.17,21.18,22.15,40.10,
2023-04-11,22.11,16.34,12.50,24.47,
2023-04-12,32.06,15.75,13.72,18.45,
2023-04-13,48.31,21.33,13.39,32.85,
2023-04-14,33.18,18.01,12.82,25.75,
2023-04-15,17.94,14.90,11.58,16.32,
2023-04-16,30.38,17.55,15.25,27.39,
2023-04-17,24.39,13.92,11.37,25.75,
2023-04-18,25.97,-,13.79,22.83,
2023-04-19,31.08,-,19.74,28.88,
2023-04-20,48.54,30.27,21.06,34.91,
2023-04-21,57.37,32.92,17.85,35.84,
2023-04-22,48.61,29.47,19.29,34.58,
2023-04-23,39.31,21.94,13.06,27.24,
2023-04-24,37.70,20.44,14.88,27.89,
2023-04-25,16.82,9.44,9.31,15.78,
2023-04-26,19.83,16.87,12.84,18.49,
2023-04-27,36.69,18.25,13.70,29.61,
2023-04-28,38.73,25.19,18.00,33.39,
2023-04-29,32.26,22.52,17.36,23.77,
2023-04-30,18.45,16.35,12.66,17.98,
2023-05-01,19.76,18.28,12.15,19.49,
2023-05-02,23.06,15.44,12.11,23.84,
2023-05-03,25.72,9.60,8.82,22.21,
2023-05-04,25.53,16.07,11.37,20.44,
2023-05-05,30.98,16.06,11.97,21.16,
2023-05-06,30.12,16.99,11.62,26.00,
2023-05-07,14.65,12.37,10.77,14.76,
2023-05-08,19.75,9.57,8.18,16.20,
2023-05-09,28.78,14.53,10.75,24.83,
2023-05-10,28.35,18.14,10.73,21.54,
2023-05-11,33.99,17.77,9.74,27.81,
2023-05-12,34.23,14.96,7.60,29.15,
2023-05-13,25.88,22.26,12.88,25.17,
2023-05-14,19.61,10.13,7.80,18.00,
2023-05-15,19.73,7.01,5.39,12.25,
2023-05-16,26.38,11.69,7.32,22.42,
2023-05-17,12.01,5.84,4.13,17.43,
2023-05-18,17.11,5.26,4.21,14.66,
2023-05-19,29.51,13.44,10.47,22.90,
2023-05-20,38.62,19.91,14.06,27.59,
2023-05-21,28.72,18.62,11.71,22.06,
2023-05-22,33.01,20.12,10.22,28.52,
2023-05-23,39.71,20.09,13.04,28.55,
2023-05-24,31.24,14.82,10.77,22.68,
2023-05-25,43.17,16.95,12.51,27.18,
2023-05-26,42.83,24.75,16.14,31.01,
2023-05-27,24.33,22.31,12.09,18.38,
2023-05-28,24.00,14.38,9.62,16.98,
2023-05-29,32.65,20.40,14.81,24.80,
2023-05-30,33.57,20.87,12.50,23.15,
2023-05-31,29.03,18.69,9.34,22.42,
2023-06-01,-,21.62,11.79,24.03,
2023-06-02,-,25.76,12.31,22.75,
2023-06-03,28.22,14.11,7.69,15.74,
2023-06-04,24.96,15.61,8.65,14.51,
2023-06-05,25.82,20.20,11.57,23.32,
2023-06-06,31.71,16.72,12.11,21.73,
2023-06-07,26.30,11.84,7.83,18.35,
2023-06-08,29.18,8.79,6.87,17.88,
2023-06-09,35.48,12.82,8.63,24.70,
2023-06-10,28.46,13.46,11.62,23.25,
2023-06-11,22.02,6.84,7.38,20.24,
2023-06-12,23.41,14.05,8.34,20.34,
2023-06-13,25.34,9.99,6.58,15.44,
2023-06-14,24.16,12.04,8.80,16.98,
2023-06-15,32.79,13.24,9.89,25.64,
2023-06-16,42.23,19.51,13.97,24.81,
2023-06-17,34.53,21.34,15.66,22.37,
2023-06-18,26.88,15.72,11.88,19.04,
2023-06-19,28.99,14.79,10.82,21.82,
2023-06-20,43.06,21.83,20.00,29.21,
2023-06-21,48.26,24.42,16.99,28.51,
2023-06-22,34.16,25.24,18.12,23.54,
2023-06-23,48.76,28.57,17.91,19.60,
2023-06-24,26.49,8.14,9.85,17.14,
2023-06-25,32.24,13.21,11.15,17.46,
2023-06-26,27.49,16.73,11.60,17.63,
2023-06-27,19.94,13.40,10.95,15.66,
2023-06-28,16.53,9.04,7.87,12.42,
2023-06-29,29.77,11.09,9.00,19.32,
2023-06-30,33.46,15.82,11.48,17.71,
2023-07-01,19.54,20.67,16.47,24.90,
2023-07-02,20.04,15.27,12.02,15.44,
2023-07-03,30.81,17.85,8.94,19.14,
2023-07-04,29.70,20.13,12.40,19.31,
2023-07-05,27.11,14.32,12.30,17.02,
2023-07-06,27.60,15.15,11.71,16.76,
2023-07-07,24.49,15.43,12.02,17.64,
2023-07-08,23.65,16.21,11.11,19.17,
2023-07-09,25.08,17.79,12.90,19.08,
2023-07-10,34.93,19.28,14.64,24.01,
2023-07-11,26.19,14.26,10.07,19.17,
2023-07-12,34.78,20.75,15.52,19.69,
2023-07-13,20.86,11.69,11.35,13.06,
2023-07-14,25.68,15.05,11.09,20.84,
2023-07-15,23.59,17.62,13.79,15.99,
2023-07-16,31.60,19.36,14.35,19.76,
2023-07-17,26.41,20.20,17.27,17.59,
2023-07-18,21.19,18.47,13.66,16.67,
2023-07-19,28.01,17.52,15.59,18.86,
2023-07-20,23.79,16.59,13.13,13.26,
2023-07-21,28.04,15.93,11.89,17.32,
2023-07-22,23.80,12.08,11.00,17.22,
2023-07-23,24.66,13.03,11.35,16.39,
2023-07-24,36.79,17.92,14.15,15.18,
2023-07-25,26.80,14.19,11.29,15.14,
2023-07-26,21.93,10.24,7.63,15.29,
2023-07-27,23.41,10.14,7.43,12.85,
2023-07-28,22.98,11.73,10.60,9.11,
2023-07-29,20.96,12.67,9.18,10.30,
2023-07-30,17.90,10.90,7.85,8.02,
2023-07-31,29.92,13.80,10.40,14.37,
2023-08-01,38.26,14.03,11.11,11.65,
2023-08-02,29.32,7.88,6.32,10.40,
2023-08-03,22.66,17.27,11.77,9.28,
2023-08-04,25.03,13.76,11.11,11.47,
2023-08-05,18.42,12.57,12.48,16.14,
2023-08-06,10.24,7.51,7.09,9.38,
2023-08-07,12.08,8.56,6.58,8.64,
2023-08-08,14.56,8.31,5.26,8.61,
2023-08-09,15.63,13.24,7.18,9.80,
2023-08-10,21.29,10.56,9.07,14.08,
2023-08-11,25.75,12.33,9.09,14.64,
2023-08-12,25.17,15.93,12.28,19.03,
2023-08-13,25.55,16.20,10.60,17.12,
2023-08-14,30.48,23.08,14.92,19.62,
2023-08-15,33.05,20.51,13.11,21.77,
2023-08-16,39.80,23.91,16.34,28.69,
2023-08-17,33.47,14.19,13.44,21.35,
2023-08-18,31.33,18.63,14.70,21.10,
2023-08-19,28.27,20.74,15.68,22.00,
2023-08-20,31.36,19.76,16.08,24.19,
2023-08-21,35.45,20.43,16.23,27.18,
2023-08-22,31.56,22.08,14.90,21.80,
2023-08-23,37.74,18.14,15.12,-,
2023-08-24,30.38,21.41,16.41,-,
2023-08-25,42.74,22.33,14.39,21.64,
2023-08-26,26.41,20.44,14.06,16.24,
2023-08-27,21.29,22.29,15.96,-,
2023-08-28,20.30,20.37,16.16,-,
2023-08-29,25.28,18.17,14.46,22.71,
2023-08-30,20.07,10.38,10.07,15.21,
2023-08-31,19.71,9.57,6.52,13.84,
2023-09-01,19.43,12.58,7.85,12.85,
2023-09-02,18.96,16.19,11.06,14.30,
2023-09-03,18.03,14.43,9.64,18.99,
2023-09-04,24.95,16.84,12.06,13.53,
2023-09-05,24.61,13.91,9.65,19.60,
2023-09-06,29.47,15.93,10.73,23.59,
2023-09-07,36.81,21.29,13.30,25.16,
2023-09-08,40.77,21.39,16.79,26.62,
2023-09-09,36.84,23.06,16.21,31.48,
2023-09-10,35.12,22.92,16.72,28.30,
2023-09-11,34.81,20.60,15.34,30.37,
2023-09-12,42.61,27.28,17.89,35.67,
2023-09-13,46.18,38.23,19.85,34.39,
2023-09-14,14.14,10.49,6.74,15.04,
2023-09-15,17.79,10.64,6.34,15.01,
2023-09-16,25.78,12.06,8.62,16.27,
2023-09-17,19.37,13.91,7.76,17.74,
2023-09-18,29.94,19.67,10.82,22.15,
2023-09-19,21.35,13.93,8.12,-,
2023-09-20,17.88,10.10,7.49,-,
2023-09-21,23.17,14.70,6.99,-,
2023-09-22,31.04,19.53,8.03,-,
2023-09-23,17.68,11.15,6.50,15.36,
2023-09-24,11.31,5.42,4.04,11.63,
2023-09-25,25.39,10.66,5.06,21.19,
2023-09-26,35.98,19.10,9.51,27.85,
2023-09-27,40.19,26.82,14.32,34.28,
2023-09-28,42.69,24.74,13.48,33.19,
2023-09-29,37.75,26.88,16.45,37.11,
2023-09-30,27.35,20.64,12.81,23.95,
2023-10-01,18.14,17.07,7.25,17.84,
2023-10-02,20.46,10.76,7.14,18.86,
2023-10-03,29.74,20.67,10.87,22.28,
2023-10-04,14.12,10.13,5.88,11.55,
2023-10-05,19.96,13.04,7.40,16.57,
2023-10-06,18.82,16.44,10.22,16.04,
2023-10-07,15.96,8.96,5.23,14.26,
2023-10-08,8.08,8.78,7.05,10.12,
2023-10-09,16.49,11.30,9.07,20.67,
2023-10-10,20.35,9.47,7.67,30.13,
2023-10-11,27.36,26.50,14.54,25.07,
2023-10-12,33.79,22.88,14.26,24.07,
2023-10-13,29.64,18.75,11.82,21.35,
2023-10-14,23.90,15.69,9.91,20.44,
2023-10-15,14.80,9.19,6.05,9.58,
2023-10-16,16.86,11.01,7.92,12.55,
2023-10-17,29.02,18.53,13.59,24.60,
2023-10-18,36.51,25.64,19.54,43.26,
2023-10-19,49.06,34.31,27.23,49.10,
2023-10-20,46.77,30.68,16.21,43.97,
2023-10-21,43.39,26.75,11.00,26.63,
2023-10-22,17.53,6.37,4.72,14.28,
2023-10-23,25.78,18.12,11.17,22.85,
2023-10-24,43.27,21.80,14.34,28.18,
2023-10-25,23.60,22.34,15.79,21.65,
2023-10-26,31.16,22.08,12.55,18.17,
2023-10-27,21.12,16.91,13.02,30.28,
2023-10-28,18.16,10.46,7.61,11.38,
2023-10-29,26.81,15.39,10.13,12.80,
2023-10-30,49.41,20.41,9.67,15.77,
2023-10-31,20.09,13.32,8.27,13.73,
2023-11-01,17.48,14.08,10.64,15.57,
2023-11-02,22.69,9.13,5.90,12.02,
2023-11-03,14.68,5.92,4.43,12.92,
2023-11-04,17.60,18.60,16.32,16.24,
2023-11-05,18.43,5.40,5.59,14.60,
2023-11-06,17.53,7.60,5.32,9.30,
2023-11-07,34.28,26.96,17.56,11.27,
2023-11-08,30.52,12.05,9.02,15.68,
2023-11-09,34.57,14.82,9.09,14.23,
2023-11-10,36.04,9.56,5.97,21.14,
2023-11-11,23.79,18.03,15.28,44.39,
2023-11-12,25.31,10.88,9.89,20.87,
2023-11-13,34.26,27.61,25.70,22.42,
2023-11-14,17.89,13.75,10.42,9.96,
2023-11-15,11.32,6.23,5.08,9.99,
2023-11-16,23.01,15.21,11.88,16.65,
2023-11-17,17.69,13.58,11.97,20.35,
2023-11-18,15.17,11.58,9.44,17.71,
2023-11-19,23.44,23.05,19.78,24.69,
2023-11-20,16.80,9.30,7.83,18.08,
2023-11-21,16.78,17.26,14.59,15.59,
2023-11-22,25.80,15.83,11.00,24.41,
2023-11-23,26.79,11.49,11.35,20.64,
2023-11-24,15.35,8.12,7.76,11.74,
2023-11-25,17.67,14.38,12.00,19.54,
2023-11-26,14.87,11.29,10.42,18.92,
2023-11-27,29.33,27.13,27.80,30.35,
2023-11-28,36.85,34.61,38.25,40.23,
2023-11-29,44.20,35.99,35.14,35.79,
2023-11-30,60.52,45.54,43.93,48.03,
2023-12-01,77.00,61.85,66.41,83.58,
2023-12-02,33.82,21.59,23.28,40.60,
2023-12-03,34.16,21.55,19.93,30.16,
2023-12-04,38.44,49.68,45.97,44.98,
2023-12-05,60.75,63.43,59.73,58.64,
2023-12-06,100.15,98.15,54.17,73.09,
2023-12-07,109.17,110.76,15.61,79.87,
2023-12-08,71.98,95.46,57.40,61.70,
2023-12-09,78.91,88.96,26.81,42.95,
2023-12-10,56.32,49.29,13.73,35.04,
2023-12-11,30.82,17.42,15.79,12.17,
2023-12-12,23.35,22.81,10.04,21.82,
2023-12-13,34.61,72.68, ,46.01,
2023-12-14,32.91,34.70, ,35.72,
2023-12-15,39.89,19.18, ,38.15,
2023-12-16,31.63,19.14, ,33.09,
2023-12-17,28.22,13.66, ,22.79,
2023-12-18,32.70,14.58,6.59,19.44,
2023-12-19,51.41,23.52,12.91,13.63,
2023-12-20,22.49,11.02,4.79,19.43,
2023-12-21,9.59,4.95,3.93,6.95,
2023-12-22,10.31,7.73,6.58,9.37,
2023-12-23,10.49,9.97,9.07,11.86,
2023-12-24,12.13,8.93,8.07,11.77,
2023-12-25,8.57,6.23,6.07,8.23,
2023-12-26,9.90,6.21,5.70,8.58,
2023-12-27,28.98,31.47,20.31,22.76,
2023-12-28,63.67,41.27,30.04,28.60,
2023-12-29,35.06,9.51,7.09,14.38,
2023-12-30,20.55,10.28,5.74,13.81,
2023-12-31,30.53,43.07,34.50,34.40,
2024-01-01,39.95,75.52,68.70,36.62,
2024-01-02,18.72,19.60,17.30,10.04,
2024-01-03,10.53,7.58,5.50,6.96,
2024-01-04,7.08,7.39,6.30,5.88,
2024-01-05,28.60,30.95,25.90,25.75,
2024-01-06,33.93,31.07,27.50,42.91,
2024-01-07,21.10,14.27,12.80,21.59,
2024-01-08,30.41,46.14,38.30,43.69,
2024-01-09,53.87,71.45,59.60,63.55,
2024-01-10,132.27,44.18,37.10,124.67,
2024-01-11,76.53,22.09,16.10,77.01,
2024-01-12,23.90,24.77,20.40,28.90,
2024-01-13,17.93,16.28,12.50,27.69,
2024-01-14,18.37,12.20,10.30,21.69,
2024-01-15,19.31,10.50,6.80,16.07,
2024-01-16,-,20.67,14.10,22.42,
2024-01-17,-,43.56,37.30,46.27,
2024-01-18,-,50.86,42.50,31.30,
2024-01-19,27.24,20.30,15.20,31.94,
2024-01-20,32.91,16.36,11.80,28.11,
2024-01-21,53.40,47.65,37.10,35.98,
2024-01-22,64.35,38.59,30.80,19.13,
2024-01-23,21.34,20.97,15.70,27.94,
2024-01-24,13.02,19.42,16.90,9.02,
2024-01-25,12.21,9.08,8.30,9.07,
2024-01-26,26.79,10.63,10.30,14.15,
2024-01-27,12.84,11.32,6.40,13.83,
2024-01-28,29.61,22.01,19.20,27.42,
2024-01-29,43.92,42.68,36.30,53.62,
2024-01-30,91.33,53.33,45.60,24.54,
2024-01-31,77.19,56.88,51.70,37.35,
2024-02-01,56.32,26.03,22.90,33.13,
2024-02-02,37.63,17.74,12.60,15.72,
2024-02-03,17.09,12.54,11.80,14.36,
2024-02-04,7.67,7.22,7.20,8.04,
2024-02-05,14.09,9.94,9.60,7.99,
2024-02-06,30.15,-,8.80,13.32,
2024-02-07,23.14,-,5.90,10.36,
2024-02-08,22.43,32.40,26.70,25.19,
2024-02-09,39.81,35.10,23.60,30.49,
2024-02-10,48.98,35.88,23.50,30.61,
2024-02-11,33.71,21.20,14.30,26.38,
2024-02-12,36.90,28.05,21.50,15.64,
2024-02-13,41.05,15.35,12.70,28.26,
2024-02-14,58.98,30.86,21.40,35.43,
2024-02-15,75.07,26.82,25.40,22.19,
2024-02-16,85.77,28.46,23.70,27.48,
2024-02-17,52.02,23.03,17.00,22.21,
2024-02-18,20.62,24.12,17.60,19.67,
2024-02-19,40.17,41.47,33.60,22.52,
2024-02-20,13.60,8.12,5.10,14.64,
2024-02-21,29.59,12.40,10.30,17.15,
2024-02-22,45.22,14.07,8.10,13.36,
2024-02-23,17.82,10.36,8.50,13.52,
2024-02-24,36.43,16.55,9.10,18.01,
2024-02-25,50.48,10.47,6.10,26.85,
2024-02-26,68.94,13.75,9.20,41.23,
2024-02-27,95.67,15.28,10.10,46.85,
2024-02-28,-,49.12,38.60,64.85,
2024-02-29,-,57.91,42.40,40.16,
2024-03-01,-,33.07,17.60,66.54,
2024-03-02,105.99,29.01,20.20,50.18,
2024-03-03,72.17,24.74,15.90,33.66,
2024-03-04,77.78,24.96,14.00,38.19,
2024-03-05,43.97,28.49,17.80,36.38,
2024-03-06,41.37,22.32,19.90,39.10,
2024-03-07,50.43,17.56,15.80,39.72,
2024-03-08,63.12,42.02,34.60,47.28,
2024-03-09,69.57,40.27,27.30,41.88,
2024-03-10,40.87,14.94,10.40,24.36,
2024-03-11,30.88,25.39,19.50,27.57,
2024-03-12,38.97,19.34,17.10,32.87,
2024-03-13,31.36,12.17,9.90,34.42,
2024-03-14,62.80,29.03,22.30,48.17,
2024-03-15,64.20,33.23,20.00,33.43,
2024-03-16,42.97,28.29,17.50,17.62,
2024-03-17,14.54,15.05,8.00,9.37,
2024-03-18,21.57,15.91,8.30,17.49,
2024-03-19,34.46,27.25,14.00,33.68,
2024-03-20,71.62,32.92,14.30,56.36,
2024-03-21,92.42,23.04,11.70,64.04,
2024-03-22,70.10,29.23,18.50,27.68,
2024-03-23,54.18,18.18,8.80,19.92,
2024-03-24,20.60,11.35,5.70,12.10,
2024-03-25,17.68,12.55,8.10,14.10,
2024-03-26,38.17,10.92,4.90,27.23,
2024-03-27,35.95,12.31,5.60,14.28,
2024-03-28,48.35,24.88,10.10,17.41,
2024-03-29,21.23,6.17,3.50,6.91,
2024-03-30,105.79,79.10,22.50,85.49,
2024-03-31,128.61,74.75,24.70,100.61,
2024-04-01,167.58,128.22,36.70,102.07,
2024-04-02,12.58,11.54,6.90,8.11,
2024-04-03,16.73,6.85,3.90,7.22,
2024-04-04,21.26,9.94,6.30,8.74,
2024-04-05,21.90,10.36,6.50,7.65,
2024-04-06,26.79,13.75,10.10,12.07,
2024-04-07,33.71,12.36,7.00,19.73,
2024-04-08,41.30,14.12,6.90,17.79,
2024-04-09,70.71,24.85,11.90,23.38,
2024-04-10,44.17,22.62,13.00,20.98,
2024-04-11,35.57,27.89,18.20,28.38,
2024-04-12,43.44,17.69,11.80,27.30,
2024-04-13,40.34,17.39,8.90,24.64,
2024-04-14,38.30,17.39,6.60,19.27,
2024-04-15,29.00,20.17,9.40,20.70,
2024-04-16,21.54,8.27,4.70,10.55,
2024-04-17,22.29,18.60,12.70,16.27,
2024-04-18,25.24,13.95,9.60,25.30,
2024-04-19,22.38,13.73,6.90,14.88,
2024-04-20,6.93,9.65,5.30,7.32,
2024-04-21,10.77,7.67,6.00,20.59,
2024-04-22,18.46,13.19,9.50,18.65,
2024-04-23,33.21,17.72,10.50,34.29,
2024-04-24,36.00,14.14,12.40,34.79,
2024-04-25,29.63,12.40,8.70,20.91,
2024-04-26,36.60,12.04,7.90,20.25,
2024-04-27,34.58,14.33,9.40,17.18,
2024-04-28,30.03,13.30,7.40,18.07,
2024-04-29,40.29,20.48,9.60,18.48,
2024-04-30,37.97,15.47,6.90,23.13,
2024-05-01,29.55,14.20,4.80,21.39,
2024-05-02,27.99,13.66,3.10,18.23,
2024-05-03,26.85,20.11,7.80,14.51,
2024-05-04,31.43,24.18,10.90,21.87,
2024-05-05,29.16,21.62,10.90,17.88,
2024-05-06,26.98,16.10,8.80,10.72,
2024-05-07,20.22,12.39,9.50,12.31,
2024-05-08,24.73,13.52,7.60,13.93,
2024-05-09,34.80,16.44,10.00,20.75,
2024-05-10,33.25,23.04,12.00,25.08,
2024-05-11,28.68,15.34,10.50,19.78,
2024-05-12,17.80,11.62,7.80,-,
2024-05-13,25.99,10.07,6.00,-,
2024-05-14,30.38,13.20,7.80,-,
2024-05-15,33.09,16.66,8.90,-,
2024-05-16,35.24,13.88,8.00,-,
2024-05-17,36.51,12.80,9.30,-,
2024-05-18,17.85,12.85,8.60,-,
2024-05-19,16.16,11.61,8.00,-,
2024-05-20,22.88,13.55,10.50,-,
2024-05-21,31.47,16.61,7.30,-,
2024-05-22,28.77,14.40,10.70,-,
2024-05-23,23.78,10.08,9.30,-,
2024-05-24,30.00,12.02,8.90,-,
2024-05-25,19.18,13.53,9.10,-,
2024-05-26,19.37,15.10,11.20,-,
2024-05-27,27.12,15.08,10.40,-,
2024-05-28,32.02,16.58,8.80,-,
2024-05-29,28.00,19.54,13.40,-,
2024-05-30,29.52,20.55,11.60,-,
2024-05-31,25.66,14.53,9.10,-,
2024-06-01,15.18,9.10,5.20,12.32,
2024-06-02,13.63,7.37,5.30,11.97,
2024-06-03,24.60,13.51,8.80,26.79,
2024-06-04,17.59,9.12,6.00,28.08,
2024-06-05,30.14,11.45,6.40,23.72,
2024-06-06,25.28,13.83,9.80,19.72,
2024-06-07,16.88,11.96,9.20,17.02,
2024-06-08,23.09,15.84,8.90,19.97,
2024-06-09,20.06,11.65,8.80,18.99,
2024-06-10,24.75,17.24,10.10,28.05,
2024-06-11,27.98,16.55,11.20,26.26,
2024-06-12,18.46,14.50,8.80,11.87,
2024-06-13,20.52,11.72,9.80,17.26,
2024-06-14,19.03,12.51,8.70,22.17,
2024-06-15,19.20,16.00,10.40,15.35,
2024-06-16,21.41,15.47,13.40,16.36,
2024-06-17,17.38,11.85,7.30,13.72,
2024-06-18,22.86,14.20,9.60,15.11,
2024-06-19,25.36,19.37,13.00,24.05,
2024-06-20,15.39,11.38,9.20,12.00,
2024-06-21,31.55,34.25,16.30,26.72,
2024-06-22,22.57,32.16,15.50,16.79,
2024-06-23,14.65,13.57,9.50,15.02,
2024-06-24,19.15,16.35,10.00,20.05,
2024-06-25,20.35,13.46,7.80,18.64,
2024-06-26,28.31,19.14,10.30,22.60,
2024-06-27,30.39,22.57,11.50,28.40,
2024-06-28,27.04,20.75,10.80,24.96,
2024-06-29,27.30,23.92,14.60,23.12,
2024-06-30,27.77,27.38,13.20,-,
2024-07-01,21.60,12.52,8.50,-,
2024-07-02,16.59,10.48,7.80,-,
2024-07-03,17.35,11.68,8.00,16.61,
2024-07-04,16.75,10.23,8.10,14.33,
2024-07-05,14.47,12.84,8.80,12.62,
2024-07-06,18.40,11.97,9.10,16.35,
2024-07-07,14.65,16.87,12.10,16.44,
2024-07-08,27.32,18.61,12.90,18.92,
2024-07-09,37.95,22.24,14.50,30.74,
2024-07-10,41.63,31.07,19.70,34.00,
2024-07-11,34.66,24.93,15.40,26.36,
2024-07-12,33.67,21.65,14.90,26.13,
2024-07-13,15.25,18.39,13.30,13.60,
2024-07-14,14.60,15.29,11.30,13.69,
2024-07-15,25.38,16.43,12.70,19.68,
2024-07-16,27.91,24.57,18.60,22.64,
2024-07-17,25.73,18.31,11.10,19.64,
2024-07-18,20.11,14.18,8.40,18.56,
2024-07-19,24.21,16.97,10.30,22.79,
2024-07-20,23.72,14.70,10.30,21.76,
2024-07-21,28.85,18.35,11.50,24.78,
2024-07-22,30.71,21.91,14.30,25.99,
2024-07-23,18.46,13.62,9.90,14.76,
2024-07-24,22.38,10.98,6.80,16.45,
2024-07-25,16.87,11.28,7.20,13.60,
2024-07-26,22.07,12.84,8.20,20.07,
2024-07-27,22.76,19.54,12.20,19.26,
2024-07-28,17.11,14.93,10.00,12.48,
2024-07-29,14.93,10.38,6.80,12.60,
2024-07-30,17.12,11.77,7.90,16.45,
2024-07-31,24.18,11.14,5.80,23.31,
2024-08-01,28.78,19.62,13.60,24.58,
2024-08-02,24.75,17.84,12.50,23.84,
2024-08-03,13.21,6.33,4.50,12.52,
2024-08-04,15.50,9.45,7.80,17.08,
2024-08-05,17.17,8.50,6.90,14.69,
2024-08-06,15.01,8.86,6.00,12.18,
2024-08-07,23.55,12.95,8.00,18.97,
2024-08-08,25.24,15.62,10.00,21.16,
2024-08-09,21.45,10.39,7.80,17.32,
2024-08-10,18.67,14.76,12.20,14.70,
2024-08-11,16.39,10.55,7.70,14.39,
2024-08-12,20.74,15.19,11.20,15.10,
2024-08-13,24.45,19.02,12.10,18.76,
2024-08-14,25.65,21.82,13.20,21.00,
2024-08-15,25.35,19.97,13.40,19.38,
2024-08-16,28.93,21.04,15.00,27.10,
2024-08-17,22.77,16.88,11.00,21.02,
2024-08-18,20.12,17.61,10.30,16.23,
2024-08-19,19.01,12.24,8.00,13.38,
2024-08-20,-,14.53,8.90,20.60,
2024-08-21,24.60,17.65,11.20,20.40,
2024-08-22,21.99,15.28,8.20,16.76,
2024-08-23,21.02,17.74,9.90,20.13,
2024-08-24,28.68,23.77,15.90,23.92,
2024-08-25,23.35,21.59,14.70,18.95,
2024-08-26,15.92,17.88,11.50,10.16,
2024-08-27,27.12,22.04,13.30,19.00,
2024-08-28,36.40,23.66,13.90,29.51,
2024-08-29,46.01,23.84,14.90,36.51,
2024-08-30,49.10,26.62,15.20,40.54,
2024-08-31,34.75,26.18,16.30,35.04,
2024-09-01,22.57,23.82,15.70,25.63,
2024-09-02,37.97,20.20,13.50,32.49,
2024-09-03,44.81,20.59,12.60,39.30,
2024-09-04,55.73,22.55,13.90,48.85,
2024-09-05,51.87,30.21,13.60,53.25,
2024-09-06,50.75,33.36,14.90,50.77,
2024-09-07,34.96,30.89,15.30,31.50,
2024-09-08,34.47,29.92,13.80,30.85,
2024-09-09,35.27,25.44,11.90,24.35,
2024-09-10,23.33,8.11,4.70,15.42,
2024-09-11,25.04,15.03,12.70,15.75,
2024-09-12,22.49,15.26,13.20,17.99,
2024-09-13,16.30,10.21,9.00,11.05,
2024-09-14,9.95,8.58,7.50,6.44,
2024-09-15,7.05,8.88,6.80,4.24,
2024-09-16,31.82,11.83,9.70,30.93,
2024-09-17,51.75,37.89,17.10,57.11,
2024-09-18,41.42,27.94,16.10,46.54,
2024-09-19,40.35,25.79,15.50,40.64,
2024-09-20,40.83,21.93,14.10,41.37,
2024-09-21,32.54,23.94,14.00,32.12,
2024-09-22,34.66,18.99,13.90,34.57,
2024-09-23,32.64,17.51,9.70,33.41,
2024-09-24,33.87,21.72,15.20,27.74,
2024-09-25,22.71,10.91,10.00,10.47,
2024-09-26,34.98,7.70,5.60,9.72,
2024-09-27,20.30,10.84,5.20,4.33,
2024-09-28,15.46,11.32,5.80,3.45,
2024-09-29,14.02,15.67,8.60,4.84,
2024-09-30,25.23,14.45,8.90,8.12,
2024-10-01,28.75,17.87,11.10,14.63,
2024-10-02,36.69,15.14,8.90,20.36,
2024-10-03,23.13,12.53,8.00,21.10,
2024-10-04,22.76,7.77,5.20,22.52,
2024-10-05,13.10,9.08,6.70,9.64,
2024-10-06,18.92,9.00,6.60,15.36,
2024-10-07,32.08,14.91,9.00,14.67,
2024-10-08,37.56,14.97,7.20,15.48,
2024-10-09,44.70,7.78,4.90,9.00,
2024-10-10,24.90,11.21,6.10,8.91,
2024-10-11,20.86,12.33,8.20,9.80,
2024-10-12,29.09,22.68,14.50,10.96,
2024-10-13,22.81,15.03,10.90,10.80,
2024-10-14,22.45,15.68,9.80,7.88,
2024-10-15,36.16,18.99,12.50,25.11,
2024-10-16,36.75,24.27,16.20,26.27,
2024-10-17,28.27,30.20,19.80,18.53,
2024-10-18,35.59,31.15,21.20,22.74,
2024-10-19,34.50,29.37,17.40,30.94,
2024-10-20,37.54,24.57,16.30,36.11,
2024-10-21,45.71,28.51,18.70,26.68,
2024-10-22,50.06,31.93,19.90,30.27,
2024-10-23,34.10,23.51,15.00,17.32,
2024-10-24,43.62,24.43,16.80,31.32,
2024-10-25,55.09,29.92,17.70,40.70,
2024-10-26,56.98,42.58,27.20,48.14,
2024-10-27,49.05,33.86,21.70,44.24,
2024-10-28,38.07,20.01,10.80,25.39,
2024-10-29,40.51,20.22,12.40,24.49,
2024-10-30,42.47,16.23,8.10,28.98,
2024-10-31,25.14,15.26,7.20,18.71,
2024-11-01,22.39,7.87,2.30,21.60,
2024-11-02,20.12,19.04,13.20,15.32,
2024-11-03,36.96,20.29,15.70,33.01,
2024-11-04,33.22,9.81,7.40,32.93,
2024-11-05,37.82,30.59,20.70,31.30,
2024-11-06,42.59,29.05,18.70,47.40,
2024-11-07,83.35,37.83,25.60,86.27,
2024-11-08,51.18,39.25,25.10,34.19,
2024-11-09,34.18,36.79,22.70,27.70,
2024-11-10,35.76,37.68,22.20,38.12,
2024-11-11,51.91,33.25,22.50,57.74,
2024-11-12,34.67,42.55,33.20,42.22,
2024-11-13,30.66,39.92,30.90,25.77,
2024-11-14,24.60,11.64,8.80,27.28,
2024-11-15,33.56,18.66,15.80,26.17,
2024-11-16,46.34,50.38,41.80,26.98,
2024-11-17,41.54,32.48,28.50,27.61,
2024-11-18,14.97,6.92,6.60,21.43,
2024-11-19,38.17,8.79,8.30,21.99,
2024-11-20,18.84,7.42,6.90,18.00,
2024-11-21,18.12,18.20,14.50,16.87,
2024-11-22,26.68,14.10,12.10,26.95,
2024-11-23,23.55,21.07,18.40,19.65,
2024-11-24,38.22,49.73,41.50,11.73,
2024-11-25,66.13,43.93,33.10,22.01,
2024-11-26,52.85,28.87,22.10,27.73,
2024-11-27,32.10,26.77,22.70,36.07,
2024-11-28,29.06,12.85,12.90,18.84,
2024-11-29,14.88,10.87,10.40,18.52,
2024-11-30,30.82,16.64,16.00,27.89,
2024-12-01,36.83,31.88,27.40,34.98,
2024-12-02,37.40,36.87,30.30,35.51,
2024-12-03,64.15,36.30,29.10,31.16,
2024-12-04,54.97,36.38,29.60,47.36,
2024-12-05,60.80,39.43,31.90,65.10,
2024-12-06,39.77,34.25,28.40,40.92,
2024-12-07,25.30,50.67,39.60,32.40,
2024-12-08,37.55,20.22,15.20,44.39,
2024-12-09,18.20,18.57,12.90,27.15,
2024-12-10,11.07,11.82,7.50,16.60,
2024-12-11,28.52,22.15,18.70,28.67,
2024-12-12,34.53,21.29,14.20,34.46,
2024-12-13,48.92,19.82,13.80,41.12,
2024-12-14,48.40,54.65,44.90,34.76,
2024-12-15,16.75,7.97,6.70,18.93,
2024-12-16,9.98,6.88,4.50,8.89,
2024-12-17,16.22,7.57,5.50,11.05,
2024-12-18,55.15,10.12,7.50,15.01,
2024-12-19,81.30,6.67,4.60,18.67,
2024-12-20,28.56,13.35,10.30,12.41,
2024-12-21,39.20,17.69,12.90,14.24,
2024-12-22,24.90,21.97,18.40,10.02,
2024-12-23,31.07,15.58,10.70,27.97,
2024-12-24,26.23,21.36,16.70,36.98,
2024-12-25,19.21,13.22,7.50,37.15,
2024-12-26,45.91,49.89,38.40,66.76,
2024-12-27,62.57,44.08,34.50,98.74,
2024-12-28,60.82,42.71,35.50,126.22,
2024-12-29,72.60,25.72,20.20,92.00,
2024-12-30,80.30,15.25,12.80,96.67,
2024-12-31,70.96,53.18,41.20,30.76,
2025-01-01,53.78,55.75,44.50,18.84,
2025-01-02,20.99,5.78,4.20,14.80,
2025-01-03,19.42,10.09,6.60,16.35,
2025-01-04,21.62,25.77,21.40,18.67,
2025-01-05,44.07,46.55,37.00,39.31,
2025-01-06,38.91,62.58,54.50,23.09,
2025-01-07,48.88,19.51,16.40,22.25,
2025-01-08,18.64,6.41,5.90,12.05,
2025-01-09,32.48,17.15,14.90,17.25,
2025-01-10,10.46,6.58,5.10,9.02,
2025-01-11,14.14,7.22,4.60,10.18,
2025-01-12,10.47,6.50,4.30,10.59,
2025-01-13,18.67,17.01,13.70,22.34,
2025-01-14,68.88,20.53,19.00,28.37,
2025-01-15,34.90,14.05,12.30,30.94,
2025-01-16,26.25,45.22,37.60,20.54,
2025-01-17,29.42,52.50,43.90,24.13,
2025-01-18,57.00,39.51,34.00,41.55,
2025-01-19,76.63,34.11,31.50,54.02,
2025-01-20,104.99,46.18,40.10,42.99,
2025-01-21,79.75,68.91,56.10,35.53,
2025-01-22,90.20,90.17,72.70,40.63,
2025-01-23,56.23,34.11,24.60,32.35,
2025-01-24,55.33,23.91,23.10,25.53,
2025-01-25,79.00,54.92,47.90,18.22,
2025-01-26,47.78,23.34,18.20,32.27,
2025-01-27,57.60,20.61,17.70,31.43,
2025-01-28,68.06,14.18,11.30,28.88,
2025-01-29,31.92,9.82,6.30,9.07,
2025-01-30,60.08,31.39,19.90,21.37,
2025-01-31,45.59,20.17,15.00,25.20,
2025-02-01,42.82,15.60,11.50,24.84,
2025-02-02,61.89,34.73,28.00,36.20,
2025-02-03,69.99,29.53,20.20,48.71,
2025-02-04,73.52,33.75,25.30,46.64,
2025-02-05,84.93,47.17,29.40,37.92,
2025-02-06,35.48,19.87,17.10,27.19,
2025-02-07,50.53,51.42,28.90,33.99,
2025-02-08,37.16,82.38,53.80,33.35,
2025-02-09,49.61,58.45,36.90,50.60,
2025-02-10,57.28,59.83,36.90,45.45,
2025-02-11,60.62,80.89,50.80,39.26,
2025-02-12,86.49,57.77,36.90,57.30,
2025-02-13,82.88,92.02,67.80,47.04,
2025-02-14,42.55,33.29,28.10,43.93,
2025-02-15,40.12,13.50,12.70,31.85,
2025-02-16,46.90,26.16,22.00,46.90,
2025-02-17,43.97,40.23,30.00,64.67,
2025-02-18,72.19,45.69,36.10,81.25,
2025-02-19,52.29,39.62,27.60,46.66,
2025-02-20,64.72,42.09,27.90,57.49,
2025-02-21,65.46,61.06,38.90,39.09,
2025-02-22,69.09,60.05,38.30,44.81,
2025-02-23,69.90,39.55,29.80,35.22,
2025-02-24,50.23,13.48,13.80,55.05,
2025-02-25,55.01,25.35,22.60,37.91,
2025-02-26,92.83,36.71,31.50,50.62,
2025-02-27,60.56,37.77,33.10,39.01,
2025-02-28,39.12,16.02,15.30,33.80,
2025-03-01,41.03,13.23, ,35.27,
2025-03-02,31.79,14.74, ,26.49,
2025-03-03,39.45,15.70, ,33.36,
2025-03-04,65.45,28.58, ,45.30,
2025-03-05,60.67,37.56, ,33.60,
2025-03-06,69.12,36.93, ,31.33,
2025-03-07,82.08,47.82, ,40.28,
2025-03-08,74.82,48.59, ,51.94,
2025-03-09,82.53,31.60, ,51.89,
2025-03-10,61.70,27.65, ,31.23,
2025-03-11,44.07,16.38, ,21.47,
2025-03-12,54.67,12.81, ,18.02,
2025-03-13,26.15,7.97, ,19.35,
2025-03-14,23.05,9.57, ,23.99,
2025-03-15,12.35,4.49, ,19.03,
2025-03-16,25.02,16.74, ,28.05,
2025-03-17,29.62,19.16, ,24.99,
2025-03-18,37.81,-, ,27.12,
2025-03-19,45.17,-, ,28.80,
2025-03-20,56.21,29.57, ,27.53,
2025-03-21,56.50,28.83, ,44.36,
2025-03-22,47.22,30.46, ,38.67,
2025-03-23,22.18,17.77, ,27.16,
2025-03-24,31.77,13.38, ,30.43,
2025-03-25,43.05,14.68, ,32.85,
2025-03-26,50.06,21.89, ,53.84,
2025-03-27,28.98,26.98, ,21.91,
2025-03-28,32.45,29.15, ,27.93,
2025-03-29,34.67,35.66, ,35.45,
2025-03-30,41.90,27.40, ,35.90,
2025-03-31,31.55,15.11, ,18.70,
